source,target,weight
IS,US,64.0
IS,CH,6.0
IS,CA,6.0
IS,PL,2.0
AW,AG,108.0
AW,CW,24.0
AW,PL,12.0
AZ,KZ,6.0
AZ,US,2.0
AZ,TR,2.0
AZ,CA,4.0
AZ,AU,22.0
AZ,GB,2.0
GA,IT,2.0
GA,DK,4.0
GA,CZ,2.0
GA,JP,2.0
AG,CH,4.0
AG,IT,10.0
AG,GR,2.0
AG,TR,4.0
AG,AW,108.0
AG,CW,36.0
AG,PL,18.0
YE,US,2.0
YE,GB,4.0
YE,KR,18.0
YE,IN,4.0
YE,JO,30.0
YE,ID,4.0
YE,MY,34.0
YE,SA,16.0
YE,NG,8.0
YE,PK,2.0
YE,IQ,12.0
BE,DE,62.0
BE,NL,44.0
BE,ES,62.0
BE,IT,180.0
BE,NO,12.0
BE,AU,28.0
BE,GB,150.0
BE,AT,26.0
BE,US,654.0
BE,RS,2.0
BE,JP,6.0
BE,CH,32.0
BE,CL,24.0
BE,IN,6.0
BE,AR,4.0
BE,IL,2.0
BE,PK,4.0
BE,EC,2.0
BE,FR,218.0
BE,CN,22.0
BE,SE,6.0
BE,ZA,4.0
BE,HR,4.0
BE,TR,26.0
BE,MK,4.0
BE,CA,34.0
BE,NZ,4.0
BE,MX,8.0
BE,TW,2.0
BE,SG,8.0
BE,RU,2.0
BE,BR,2.0
BE,CO,10.0
BE,MT,20.0
BE,PT,8.0
BE,IE,2.0
BE,GR,4.0
BE,SI,2.0
BE,FI,6.0
BE,DK,8.0
BE,ID,6.0
CM,CA,2.0
CM,ZA,6.0
CM,ES,14.0
CM,SE,2.0
CM,US,2.0
CM,MY,2.0
AL,DE,2.0
NA,DE,10.0
NA,US,14.0
NA,JP,2.0
NA,GB,8.0
NA,FI,2.0
NA,PT,2.0
NA,UG,14.0
NA,ZA,2.0
NA,NG,6.0
NA,CN,4.0
NA,NE,2.0
NA,SE,2.0
NA,CA,2.0
GB,DE,1052.0
GB,AU,652.0
GB,SE,108.0
GB,IL,148.0
GB,US,7648.0
GB,EE,28.0
GB,YE,4.0
GB,IT,756.0
GB,NO,124.0
GB,AT,80.0
GB,RS,2.0
GB,BE,150.0
GB,SG,460.0
GB,PK,142.0
GB,CN,3406.0
GB,TW,78.0
GB,NZ,36.0
GB,NL,378.0
GB,KR,136.0
GB,CA,672.0
GB,CH,576.0
GB,FR,340.0
GB,JP,222.0
GB,DZ,18.0
GB,IN,396.0
GB,ES,324.0
GB,HK,138.0
GB,DK,158.0
GB,SA,270.0
GB,PL,64.0
GB,KW,8.0
GB,RU,106.0
GB,CY,18.0
GB,OM,18.0
GB,GR,134.0
GB,TR,126.0
GB,IR,112.0
GB,BY,4.0
GB,SD,24.0
GB,KY,2.0
GB,PT,46.0
GB,SI,44.0
GB,BD,104.0
GB,FI,74.0
GB,UA,32.0
GB,UG,64.0
GB,ZA,46.0
GB,NG,152.0
GB,NE,8.0
GB,NA,8.0
GB,MY,156.0
GB,BR,68.0
GB,CL,102.0
GB,MU,4.0
GB,EG,28.0
GB,IE,126.0
GB,MX,68.0
GB,VN,20.0
GB,HR,124.0
GB,LK,14.0
GB,AE,58.0
GB,PR,4.0
GB,PH,44.0
GB,AR,4.0
GB,IQ,14.0
GB,RO,6.0
GB,MO,8.0
GB,QA,44.0
GB,CO,16.0
GB,JM,2.0
GB,CZ,52.0
GB,EC,16.0
GB,SK,2.0
GB,LU,8.0
GB,KZ,6.0
GB,BH,4.0
GB,JO,4.0
GB,AZ,2.0
GB,TH,2.0
GB,NP,12.0
GB,LC,2.0
GB,AM,2.0
GB,LV,8.0
GB,HU,2.0
GB,TN,24.0
GB,MT,40.0
GB,ID,26.0
GB,ET,26.0
GB,KH,26.0
GB,KE,8.0
GB,SY,2.0
IN,CN,134.0
IN,VN,16.0
IN,EG,18.0
IN,NL,76.0
IN,US,1744.0
IN,BE,6.0
IN,GB,396.0
IN,NO,78.0
IN,RU,38.0
IN,IT,112.0
IN,NZ,44.0
IN,DE,114.0
IN,IE,78.0
IN,SA,250.0
IN,FR,58.0
IN,JP,48.0
IN,CH,54.0
IN,AE,176.0
IN,SG,292.0
IN,PT,8.0
IN,AT,30.0
IN,BR,4.0
IN,JO,16.0
IN,CZ,16.0
IN,TR,42.0
IN,TH,38.0
IN,AU,94.0
IN,MX,14.0
IN,CA,242.0
IN,ES,30.0
IN,KR,182.0
IN,ET,8.0
IN,LU,4.0
IN,DK,36.0
IN,BD,64.0
IN,IR,64.0
IN,IQ,36.0
IN,PL,28.0
IN,YE,4.0
IN,NG,20.0
IN,PK,2.0
IN,GR,16.0
IN,IL,6.0
IN,TW,48.0
IN,FI,14.0
IN,NP,26.0
IN,PH,10.0
IN,KH,82.0
IN,UA,6.0
IN,RO,2.0
IN,MY,32.0
IN,OM,8.0
IN,SI,6.0
IN,MO,6.0
IN,CO,24.0
IN,CY,10.0
IN,PE,34.0
IN,KZ,12.0
IN,HU,8.0
IN,QA,14.0
IN,LA,12.0
IN,ID,28.0
IN,XK,2.0
IN,HR,2.0
IN,TN,18.0
IN,SY,2.0
IN,SE,6.0
IN,GE,2.0
IN,EE,6.0
IN,ZA,14.0
IN,BW,14.0
IN,HK,2.0
IN,UZ,6.0
IN,LB,8.0
GR,ES,14.0
GR,US,156.0
GR,MA,16.0
GR,OM,4.0
GR,GB,134.0
GR,TR,6.0
GR,FR,46.0
GR,CH,122.0
GR,IT,162.0
GR,DE,42.0
GR,CY,24.0
GR,AU,6.0
GR,CN,34.0
GR,IN,16.0
GR,PK,4.0
GR,PL,38.0
GR,VN,4.0
GR,DK,12.0
GR,KZ,6.0
GR,RU,2.0
GR,NO,4.0
GR,NL,4.0
GR,AT,8.0
GR,AG,2.0
GR,QA,8.0
GR,IR,10.0
GR,JP,2.0
GR,EG,2.0
GR,MX,2.0
GR,SI,2.0
GR,SG,2.0
GR,SE,6.0
GR,BR,2.0
GR,AE,10.0
GR,MT,20.0
GR,PT,12.0
GR,IE,2.0
GR,BE,4.0
GR,CA,18.0
GR,JO,16.0
GR,ME,10.0
GR,FI,12.0
GR,RO,2.0
BR,US,452.0
BR,CN,60.0
BR,CA,104.0
BR,FR,34.0
BR,PT,66.0
BR,MX,6.0
BR,SI,4.0
BR,CH,56.0
BR,CL,12.0
BR,IN,4.0
BR,NL,66.0
BR,PE,16.0
BR,AU,92.0
BR,KR,8.0
BR,GB,68.0
BR,RU,14.0
BR,ES,20.0
BR,DE,48.0
BR,ZA,10.0
BR,IT,18.0
BR,BE,2.0
BR,IE,4.0
BR,DK,2.0
BR,SE,22.0
BR,CY,4.0
BR,AE,10.0
BR,GR,2.0
BR,TN,24.0
BR,JO,4.0
BR,SY,4.0
BR,QA,12.0
BR,MN,6.0
BR,BG,6.0
BR,LU,2.0
BR,JP,4.0
BR,IL,10.0
BR,EG,2.0
BR,NG,12.0
BR,MY,2.0
BR,IR,2.0
BR,TR,2.0
BR,NO,2.0
BR,PL,8.0
BR,TW,6.0
BR,GH,8.0
BR,MA,8.0
BR,ET,8.0
BR,KE,8.0
BR,CD,8.0
BR,ML,16.0
BR,MW,8.0
BR,CO,16.0
LI,NO,2.0
LI,FR,2.0
LI,CH,4.0
JO,KW,44.0
JO,US,82.0
JO,CA,30.0
JO,IN,16.0
JO,YE,30.0
JO,AE,104.0
JO,SE,8.0
JO,SA,62.0
JO,NZ,16.0
JO,IE,4.0
JO,DK,2.0
JO,NL,4.0
JO,AT,4.0
JO,PK,6.0
JO,NO,4.0
JO,QA,20.0
JO,LB,156.0
JO,CN,8.0
JO,IQ,114.0
JO,MY,78.0
JO,GB,4.0
JO,AU,34.0
JO,KZ,2.0
JO,DE,42.0
JO,NG,4.0
JO,TN,70.0
JO,BR,4.0
JO,IT,6.0
JO,SY,6.0
JO,EG,56.0
JO,IR,4.0
JO,PT,2.0
JO,TR,4.0
JO,KH,4.0
JO,GR,16.0
JO,TH,2.0
JO,ID,18.0
JO,MX,2.0
JO,FR,2.0
JO,JP,2.0
JO,CL,2.0
JO,PL,2.0
MU,GB,4.0
LT,LV,4.0
LT,US,6.0
LT,FR,2.0
LT,IT,4.0
LT,NL,2.0
PH,GB,44.0
PH,IN,10.0
PH,CA,30.0
PH,US,60.0
PH,BD,18.0
PH,DE,12.0
PH,CN,14.0
PH,TH,4.0
PH,JP,40.0
PH,ZA,10.0
PH,LC,2.0
PH,AM,2.0
PH,NG,8.0
PH,PK,2.0
PH,NO,4.0
PH,HR,8.0
PH,AT,2.0
PH,CL,4.0
PH,CZ,2.0
PH,QA,2.0
PH,ID,2.0
PH,MX,2.0
PH,MY,8.0
PH,ET,2.0
PH,IT,2.0
PH,AU,2.0
PH,RU,2.0
PH,KH,2.0
PH,CH,2.0
SI,HR,10.0
SI,JP,4.0
SI,FI,4.0
SI,US,54.0
SI,BR,4.0
SI,GB,44.0
SI,MK,22.0
SI,CN,22.0
SI,UZ,4.0
SI,DE,14.0
SI,FR,10.0
SI,ES,10.0
SI,IT,30.0
SI,CA,10.0
SI,IN,6.0
SI,AU,6.0
SI,AT,2.0
SI,NL,4.0
SI,CZ,2.0
SI,DK,2.0
SI,CH,8.0
SI,IR,10.0
SI,QA,2.0
SI,TR,2.0
SI,EG,2.0
SI,GR,2.0
SI,MX,2.0
SI,SG,2.0
SI,BE,2.0
SI,SE,4.0
AE,SA,138.0
AE,PK,132.0
AE,CN,124.0
AE,IN,176.0
AE,EG,10.0
AE,CA,52.0
AE,KZ,16.0
AE,US,200.0
AE,CH,14.0
AE,JP,16.0
AE,KR,12.0
AE,HK,2.0
AE,JO,104.0
AE,GB,58.0
AE,MY,62.0
AE,PS,14.0
AE,BH,4.0
AE,FR,32.0
AE,NO,28.0
AE,OM,10.0
AE,QA,18.0
AE,KW,6.0
AE,AU,36.0
AE,LB,28.0
AE,SE,16.0
AE,RU,2.0
AE,DE,2.0
AE,NG,18.0
AE,TW,2.0
AE,PL,2.0
AE,IR,10.0
AE,PT,10.0
AE,CY,8.0
AE,BR,10.0
AE,GR,10.0
AE,IQ,18.0
AE,ID,4.0
AE,DZ,12.0
AE,TN,28.0
AE,SG,4.0
AE,LK,6.0
AE,SY,2.0
AE,TR,10.0
AE,NZ,16.0
AE,KH,12.0
AE,SK,2.0
AE,AF,2.0
AE,ZA,2.0
AE,IL,8.0
AE,RS,4.0
AE,ES,4.0
KY,US,28.0
KY,CN,114.0
KY,SG,118.0
KY,TW,4.0
KY,CA,4.0
KY,GB,2.0
KY,AU,18.0
KY,SA,4.0
KY,SX,2.0
KY,HK,12.0
RO,SE,8.0
RO,NO,4.0
RO,US,98.0
RO,FR,16.0
RO,IR,4.0
RO,CN,6.0
RO,HK,2.0
RO,CY,2.0
RO,HR,2.0
RO,AU,8.0
RO,CA,4.0
RO,NZ,6.0
RO,GB,6.0
RO,IN,2.0
RO,NG,14.0
RO,MY,2.0
RO,KW,6.0
RO,TR,2.0
RO,IT,4.0
RO,ES,2.0
RO,BG,2.0
RO,RU,4.0
RO,AT,4.0
RO,CH,4.0
RO,DE,2.0
RO,GR,2.0
RO,PT,2.0
RO,PK,6.0
SD,GB,24.0
SD,SA,16.0
SD,US,4.0
EG,VN,4.0
EG,IN,18.0
EG,KR,24.0
EG,PK,82.0
EG,SA,210.0
EG,ES,14.0
EG,US,96.0
EG,CA,26.0
EG,AE,10.0
EG,DZ,16.0
EG,CN,74.0
EG,TR,10.0
EG,GB,28.0
EG,DE,4.0
EG,ET,2.0
EG,IE,2.0
EG,PT,2.0
EG,BG,2.0
EG,QA,12.0
EG,IQ,34.0
EG,IR,10.0
EG,IT,14.0
EG,JP,2.0
EG,AU,4.0
EG,GR,2.0
EG,FR,2.0
EG,MX,2.0
EG,SI,2.0
EG,SG,6.0
EG,PL,8.0
EG,JO,56.0
EG,KW,8.0
EG,MY,16.0
EG,LB,32.0
EG,TN,8.0
EG,ID,14.0
EG,LV,4.0
EG,CY,2.0
EG,CH,4.0
EG,FI,2.0
EG,IL,2.0
EG,BR,2.0
BO,ES,32.0
PA,NG,2.0
KZ,AZ,6.0
KZ,AE,16.0
KZ,TR,22.0
KZ,IT,12.0
KZ,IN,12.0
KZ,RU,6.0
KZ,NO,6.0
KZ,GR,6.0
KZ,GB,6.0
KZ,MY,16.0
KZ,JO,2.0
KZ,MX,6.0
DZ,CA,2.0
DZ,GB,18.0
DZ,FR,46.0
DZ,US,10.0
DZ,QA,10.0
DZ,EG,16.0
DZ,DK,2.0
DZ,CH,2.0
DZ,CZ,2.0
DZ,NG,2.0
DZ,FI,6.0
DZ,AU,2.0
DZ,CN,14.0
DZ,HK,8.0
DZ,AE,12.0
DZ,TN,22.0
DZ,MY,2.0
UY,AR,56.0
RW,KE,4.0
RW,US,4.0
CO,DE,86.0
CO,AU,14.0
CO,ES,62.0
CO,VE,2.0
CO,US,102.0
CO,NL,16.0
CO,DK,2.0
CO,IT,8.0
CO,GB,16.0
CO,SG,86.0
CO,TR,4.0
CO,IN,24.0
CO,NO,12.0
CO,SE,2.0
CO,AR,6.0
CO,ID,10.0
CO,BE,10.0
CO,NZ,2.0
CO,UG,2.0
CO,CA,4.0
CO,FI,4.0
CO,FR,80.0
CO,NG,8.0
CO,KE,4.0
CO,BR,16.0
SE,AU,58.0
SE,GB,108.0
SE,IR,8.0
SE,ES,58.0
SE,CN,662.0
SE,US,302.0
SE,DK,30.0
SE,BA,8.0
SE,DE,164.0
SE,IT,90.0
SE,PK,38.0
SE,NO,64.0
SE,XK,16.0
SE,FR,50.0
SE,JP,4.0
SE,FI,4.0
SE,PT,2.0
SE,UG,14.0
SE,ZA,2.0
SE,NG,8.0
SE,NE,2.0
SE,NA,2.0
SE,CA,118.0
SE,CH,218.0
SE,RO,8.0
SE,BE,6.0
SE,NL,58.0
SE,SA,26.0
SE,VN,4.0
SE,TR,4.0
SE,AT,22.0
SE,JO,8.0
SE,HK,26.0
SE,CY,2.0
SE,HR,2.0
SE,NZ,6.0
SE,TW,8.0
SE,MY,2.0
SE,RU,34.0
SE,SG,28.0
SE,AE,16.0
SE,MX,4.0
SE,GH,2.0
SE,CO,2.0
SE,LU,60.0
SE,GR,6.0
SE,IL,4.0
SE,GE,4.0
SE,CM,2.0
SE,TH,12.0
SE,BW,2.0
SE,BR,22.0
SE,LV,2.0
SE,CZ,8.0
SE,CL,8.0
SE,KR,6.0
SE,MK,4.0
SE,IN,6.0
SE,QA,2.0
SE,SI,4.0
SE,PL,2.0
BS,US,76.0
BS,DE,56.0
BS,CN,8.0
BS,AT,16.0
BS,FR,10.0
BS,KR,2.0
PR,US,50.0
PR,GB,4.0
SA,PK,372.0
SA,AE,138.0
SA,CN,286.0
SA,KR,84.0
SA,EG,210.0
SA,IN,250.0
SA,IT,26.0
SA,GB,270.0
SA,AU,12.0
SA,NL,12.0
SA,SD,16.0
SA,NG,54.0
SA,DE,28.0
SA,US,432.0
SA,BD,74.0
SA,JP,16.0
SA,CA,46.0
SA,TN,50.0
SA,ES,38.0
SA,IR,4.0
SA,ID,48.0
SA,FI,4.0
SA,IQ,30.0
SA,IE,54.0
SA,MY,116.0
SA,ET,2.0
SA,SE,26.0
SA,DK,4.0
SA,FR,16.0
SA,VN,20.0
SA,SG,8.0
SA,RU,26.0
SA,YE,16.0
SA,LB,36.0
SA,OM,12.0
SA,PE,4.0
SA,NO,4.0
SA,CH,24.0
SA,JO,62.0
SA,QA,20.0
SA,PS,16.0
SA,TW,14.0
SA,GE,8.0
SA,GH,4.0
SA,KW,40.0
SA,KY,4.0
SA,SX,4.0
SA,MX,4.0
SA,PT,2.0
SA,SY,2.0
SA,TR,2.0
SA,PL,2.0
SA,AF,2.0
SA,LK,4.0
SA,HU,4.0
ML,US,58.0
ML,TR,12.0
ML,ZM,2.0
ML,ZA,20.0
ML,CH,10.0
ML,GH,18.0
ML,FR,2.0
ML,CA,2.0
ML,CN,2.0
ML,NG,8.0
ML,DE,2.0
ML,LK,2.0
ML,JP,8.0
ML,MA,16.0
ML,BR,16.0
ML,ET,16.0
ML,KE,16.0
ML,CD,16.0
ML,MW,16.0
MO,CN,524.0
MO,AU,38.0
MO,US,48.0
MO,GB,8.0
MO,IN,6.0
MO,ES,4.0
MO,CH,2.0
MO,CA,2.0
MO,TH,4.0
MO,KR,4.0
MO,JP,6.0
MO,DE,8.0
MO,SG,8.0
MO,CV,2.0
ET,NO,12.0
ET,DE,42.0
ET,IN,8.0
ET,FR,6.0
ET,US,22.0
ET,EG,2.0
ET,SA,2.0
ET,KR,2.0
ET,CN,18.0
ET,GB,26.0
ET,NG,8.0
ET,PK,2.0
ET,PH,2.0
ET,HR,8.0
ET,AT,2.0
ET,CL,4.0
ET,CZ,2.0
ET,QA,2.0
ET,ID,2.0
ET,MX,2.0
ET,MY,8.0
ET,IT,2.0
ET,BD,2.0
ET,AU,2.0
ET,RU,2.0
ET,ZA,12.0
ET,KH,2.0
ET,CH,2.0
ET,GH,8.0
ET,MA,8.0
ET,BR,8.0
ET,KE,8.0
ET,CD,8.0
ET,ML,16.0
ET,MW,8.0
TN,ES,8.0
TN,FR,30.0
TN,SA,50.0
TN,CA,34.0
TN,ZA,6.0
TN,US,82.0
TN,QA,134.0
TN,PL,16.0
TN,JO,70.0
TN,BR,24.0
TN,IT,38.0
TN,SY,42.0
TN,HU,2.0
TN,GB,24.0
TN,AT,2.0
TN,AU,16.0
TN,KW,4.0
TN,AE,28.0
TN,MY,36.0
TN,IQ,30.0
TN,LB,16.0
TN,EG,8.0
TN,IR,32.0
TN,IN,18.0
TN,PT,18.0
TN,TR,32.0
TN,CN,32.0
TN,DZ,22.0
TN,SK,6.0
TN,MX,14.0
TN,JP,14.0
TN,CL,14.0
TN,NO,14.0
BH,US,10.0
BH,PK,4.0
BH,AE,4.0
BH,FR,2.0
BH,GB,4.0
BH,QA,2.0
GL,DK,4.0
JM,CN,8.0
JM,US,26.0
JM,CA,2.0
JM,IL,2.0
JM,GB,2.0
JM,HK,4.0
RU,HK,4.0
RU,SG,4.0
RU,US,184.0
RU,IN,38.0
RU,NL,48.0
RU,CA,8.0
RU,FR,40.0
RU,GB,106.0
RU,CZ,62.0
RU,CN,86.0
RU,QA,10.0
RU,PK,36.0
RU,KR,4.0
RU,IR,20.0
RU,ES,24.0
RU,MX,12.0
RU,JP,48.0
RU,BR,14.0
RU,SA,26.0
RU,DE,32.0
RU,TJ,18.0
RU,IT,22.0
RU,IL,2.0
RU,SE,34.0
RU,AE,2.0
RU,KZ,6.0
RU,NO,6.0
RU,GR,2.0
RU,BE,2.0
RU,AU,4.0
RU,EC,4.0
RU,NG,8.0
RU,PH,2.0
RU,HR,8.0
RU,AT,2.0
RU,CL,4.0
RU,ID,2.0
RU,MY,14.0
RU,ET,2.0
RU,BD,2.0
RU,ZA,2.0
RU,KH,2.0
RU,CH,2.0
RU,BG,2.0
RU,RO,4.0
IE,DE,34.0
IE,IN,78.0
IE,CN,94.0
IE,US,396.0
IE,PL,4.0
IE,NL,24.0
IE,IL,6.0
IE,CA,62.0
IE,SA,54.0
IE,ES,20.0
IE,GB,126.0
IE,EG,2.0
IE,FI,54.0
IE,NZ,128.0
IE,PK,12.0
IE,TR,18.0
IE,JO,4.0
IE,DK,4.0
IE,AT,10.0
IE,KR,8.0
IE,NG,8.0
IE,FR,12.0
IE,UG,2.0
IE,HK,10.0
IE,SG,4.0
IE,LB,12.0
IE,TW,2.0
IE,CH,8.0
IE,IT,8.0
IE,BR,4.0
IE,VN,48.0
IE,HR,4.0
IE,MT,10.0
IE,PT,4.0
IE,BE,2.0
IE,GR,2.0
IE,JP,8.0
IE,LU,2.0
IE,AU,56.0
LU,US,30.0
LU,FR,4.0
LU,IN,4.0
LU,CH,80.0
LU,CN,116.0
LU,AU,100.0
LU,CA,48.0
LU,SG,44.0
LU,KR,8.0
LU,GB,8.0
LU,SE,60.0
LU,IT,8.0
LU,DE,26.0
LU,ES,4.0
LU,NL,2.0
LU,BR,2.0
LU,IE,2.0
LU,TR,12.0
LU,MA,12.0
TL,ID,16.0
MD,US,24.0
NE,DE,10.0
NE,US,14.0
NE,JP,2.0
NE,GB,8.0
NE,FI,2.0
NE,PT,2.0
NE,UG,14.0
NE,ZA,2.0
NE,NG,6.0
NE,CN,4.0
NE,SE,2.0
NE,NA,2.0
NE,CA,2.0
JP,CN,612.0
JP,CA,182.0
JP,US,1036.0
JP,PL,20.0
JP,BE,6.0
JP,NL,80.0
JP,DE,126.0
JP,GB,222.0
JP,KR,114.0
JP,FR,72.0
JP,SI,4.0
JP,FI,8.0
JP,HK,50.0
JP,ID,48.0
JP,IT,78.0
JP,DK,12.0
JP,CZ,2.0
JP,GA,2.0
JP,SG,48.0
JP,IN,48.0
JP,TH,34.0
JP,VN,90.0
JP,MM,2.0
JP,TW,66.0
JP,BD,90.0
JP,AU,162.0
JP,CH,38.0
JP,PT,10.0
JP,UG,14.0
JP,ZA,42.0
JP,NG,6.0
JP,NE,2.0
JP,SE,4.0
JP,NA,2.0
JP,SA,16.0
JP,AE,16.0
JP,RU,48.0
JP,ML,8.0
JP,MY,14.0
JP,UA,2.0
JP,NZ,10.0
JP,ES,4.0
JP,IR,12.0
JP,QA,12.0
JP,TR,10.0
JP,EG,2.0
JP,GR,2.0
JP,MX,4.0
JP,PH,40.0
JP,RS,4.0
JP,AT,6.0
JP,IE,8.0
JP,MO,6.0
JP,BR,4.0
JP,TN,14.0
JP,JO,2.0
JP,SY,2.0
JP,CL,2.0
JP,NO,10.0
XK,SE,16.0
XK,IN,2.0
XK,HR,2.0
XK,CH,2.0
XK,MY,2.0
XK,PK,2.0
PE,DE,18.0
PE,US,14.0
PE,BR,16.0
PE,ES,14.0
PE,SA,4.0
PE,MX,12.0
PE,CA,12.0
PE,CL,8.0
PE,IN,34.0
PE,EC,34.0
CW,AW,24.0
CW,AG,36.0
CW,PL,4.0
KG,CN,2.0
KG,QA,4.0
KH,TR,2.0
KH,IN,82.0
KH,NG,46.0
KH,CN,30.0
KH,US,32.0
KH,VN,2.0
KH,AT,4.0
KH,SG,4.0
KH,ID,4.0
KH,AE,12.0
KH,JO,4.0
KH,GB,26.0
KH,PK,2.0
KH,PH,2.0
KH,NO,4.0
KH,HR,8.0
KH,CL,4.0
KH,CZ,2.0
KH,QA,2.0
KH,MX,2.0
KH,MY,8.0
KH,ET,2.0
KH,IT,2.0
KH,BD,2.0
KH,AU,2.0
KH,RU,2.0
KH,ZA,2.0
KH,CH,2.0
MX,ES,102.0
MX,US,632.0
MX,BR,6.0
MX,CN,54.0
MX,IN,14.0
MX,DE,28.0
MX,RU,12.0
MX,TR,20.0
MX,TW,8.0
MX,IR,18.0
MX,GB,68.0
MX,NL,8.0
MX,MK,4.0
MX,NO,10.0
MX,BE,8.0
MX,AU,10.0
MX,CA,24.0
MX,NZ,4.0
MX,IQ,2.0
MX,PE,12.0
MX,SE,4.0
MX,GH,2.0
MX,IT,18.0
MX,QA,14.0
MX,JP,4.0
MX,EG,2.0
MX,GR,2.0
MX,FR,4.0
MX,SI,2.0
MX,SG,4.0
MX,LV,2.0
MX,CZ,6.0
MX,SA,4.0
MX,NG,8.0
MX,PK,2.0
MX,PH,2.0
MX,HR,8.0
MX,AT,2.0
MX,CL,6.0
MX,ID,2.0
MX,MY,14.0
MX,ET,2.0
MX,BD,2.0
MX,ZA,2.0
MX,KH,2.0
MX,CH,6.0
MX,KZ,6.0
MX,HK,6.0
MX,TN,14.0
MX,JO,2.0
MX,SY,2.0
MX,PL,2.0
CV,MO,2.0
CV,CN,2.0
UA,PL,10.0
UA,GB,32.0
UA,US,10.0
UA,IN,6.0
UA,JP,2.0
UA,SK,14.0
UA,DE,4.0
UA,FI,8.0
UA,TR,2.0
SS,FR,4.0
SS,PL,64.0
SS,SG,18.0
SS,CN,14.0
PL,JP,20.0
PL,KR,96.0
PL,US,828.0
PL,GB,64.0
PL,CN,106.0
PL,IT,30.0
PL,IE,4.0
PL,UA,10.0
PL,CZ,6.0
PL,NL,4.0
PL,IN,28.0
PL,AT,46.0
PL,SS,64.0
PL,CA,4.0
PL,GR,38.0
PL,QA,14.0
PL,TN,16.0
PL,FI,2.0
PL,IL,40.0
PL,IR,6.0
PL,PK,6.0
PL,LB,4.0
PL,AE,2.0
PL,TW,4.0
PL,NZ,8.0
PL,FR,32.0
PL,IS,2.0
PL,PT,2.0
PL,EG,8.0
PL,SA,2.0
PL,AU,14.0
PL,TR,4.0
PL,VN,2.0
PL,CH,12.0
PL,AW,12.0
PL,AG,18.0
PL,CW,4.0
PL,DE,96.0
PL,EC,24.0
PL,MY,2.0
PL,JO,2.0
PL,MX,2.0
PL,BR,8.0
PL,SY,2.0
PL,CL,2.0
PL,NO,4.0
PL,SE,2.0
PL,ES,2.0
AM,PK,10.0
AM,PH,2.0
AM,GB,2.0
AM,LC,2.0
AM,AT,4.0
MT,NL,10.0
MT,US,2.0
MT,DE,4.0
MT,FR,2.0
MT,GB,40.0
MT,IT,60.0
MT,PT,40.0
MT,IE,10.0
MT,BE,20.0
MT,GR,20.0
LV,LT,4.0
LV,DE,2.0
LV,SE,2.0
LV,CZ,4.0
LV,MX,2.0
LV,GB,8.0
LV,CY,4.0
LV,EG,4.0
LV,CH,8.0
LV,US,4.0
LV,AU,4.0
AR,FR,16.0
AR,BE,4.0
AR,US,104.0
AR,UY,56.0
AR,GB,4.0
AR,IL,4.0
AR,CO,6.0
AR,DE,6.0
AR,EC,20.0
AR,CL,4.0
AR,ES,2.0
AR,IT,4.0
UG,DE,72.0
UG,US,146.0
UG,JP,14.0
UG,GB,64.0
UG,FI,14.0
UG,PT,14.0
UG,ZA,26.0
UG,NG,42.0
UG,CN,28.0
UG,NE,14.0
UG,SE,14.0
UG,NA,14.0
UG,CA,16.0
UG,IE,2.0
UG,ID,18.0
UG,CO,2.0
UG,NZ,2.0
UG,BN,6.0
UG,SG,18.0
UG,TW,4.0
LC,PH,2.0
LC,GB,2.0
LC,AM,2.0
DE,GB,1052.0
DE,CA,416.0
DE,US,4726.0
DE,IT,350.0
DE,NL,432.0
DE,BE,62.0
DE,ES,284.0
DE,NO,88.0
DE,AU,128.0
DE,AT,498.0
DE,RS,10.0
DE,CN,766.0
DE,JP,126.0
DE,IL,28.0
DE,IN,114.0
DE,IE,34.0
DE,DK,78.0
DE,PE,18.0
DE,CH,874.0
DE,SE,164.0
DE,TW,24.0
DE,TR,28.0
DE,ML,2.0
DE,ZM,2.0
DE,ZA,30.0
DE,GH,2.0
DE,FR,236.0
DE,NG,42.0
DE,LK,2.0
DE,KR,100.0
DE,CO,86.0
DE,SG,32.0
DE,SA,28.0
DE,VN,46.0
DE,FI,60.0
DE,PT,32.0
DE,UG,72.0
DE,NE,10.0
DE,NA,10.0
DE,ET,42.0
DE,GR,42.0
DE,MX,28.0
DE,IR,40.0
DE,EG,4.0
DE,BS,56.0
DE,ID,6.0
DE,HR,16.0
DE,SI,14.0
DE,PK,10.0
DE,TH,4.0
DE,CZ,92.0
DE,BR,48.0
DE,RU,32.0
DE,HU,2.0
DE,MK,4.0
DE,NZ,14.0
DE,HK,34.0
DE,MT,4.0
DE,AE,2.0
DE,PH,12.0
DE,LU,26.0
DE,QA,2.0
DE,BA,18.0
DE,UA,4.0
DE,LV,2.0
DE,JO,42.0
DE,AL,2.0
DE,BI,8.0
DE,OM,24.0
DE,EC,62.0
DE,AR,6.0
DE,EE,64.0
DE,CL,8.0
DE,BW,12.0
DE,MY,2.0
DE,MO,8.0
DE,PL,96.0
DE,BG,24.0
DE,RO,2.0
TJ,RU,18.0
BI,IL,14.0
BI,CA,8.0
BI,FR,16.0
BI,AU,4.0
BI,DE,8.0
BI,US,2.0
SG,CN,2188.0
SG,AU,218.0
SG,US,1576.0
SG,GB,460.0
SG,CA,326.0
SG,NL,20.0
SG,RU,4.0
SG,HK,64.0
SG,NZ,22.0
SG,JP,48.0
SG,KY,118.0
SG,TW,80.0
SG,IT,32.0
SG,IN,292.0
SG,DE,32.0
SG,QA,30.0
SG,SA,8.0
SG,FR,22.0
SG,TR,14.0
SG,LU,44.0
SG,VN,82.0
SG,BE,8.0
SG,SE,28.0
SG,IR,16.0
SG,CO,86.0
SG,IE,4.0
SG,KR,124.0
SG,KH,4.0
SG,AT,8.0
SG,CH,30.0
SG,EG,6.0
SG,GR,2.0
SG,ES,6.0
SG,MX,4.0
SG,SI,2.0
SG,TH,10.0
SG,ID,70.0
SG,AE,4.0
SG,SS,18.0
SG,UG,18.0
SG,DK,12.0
SG,MO,8.0
SG,PK,16.0
SG,CZ,22.0
SG,LK,2.0
TR,IQ,6.0
TR,US,438.0
TR,OM,2.0
TR,GB,126.0
TR,GR,6.0
TR,ES,26.0
TR,ML,12.0
TR,ZM,12.0
TR,ZA,24.0
TR,CH,72.0
TR,GH,12.0
TR,FR,26.0
TR,CA,88.0
TR,CN,30.0
TR,NG,48.0
TR,DE,28.0
TR,LK,12.0
TR,QA,58.0
TR,NL,12.0
TR,IN,42.0
TR,PK,88.0
TR,MX,20.0
TR,NO,8.0
TR,EG,10.0
TR,KZ,22.0
TR,SE,4.0
TR,AT,8.0
TR,AU,12.0
TR,KH,2.0
TR,IL,8.0
TR,IT,82.0
TR,HR,2.0
TR,BE,26.0
TR,IE,18.0
TR,SG,14.0
TR,PT,10.0
TR,AZ,2.0
TR,CO,4.0
TR,KR,2.0
TR,IR,14.0
TR,JP,10.0
TR,SI,2.0
TR,KE,2.0
TR,ID,10.0
TR,CZ,2.0
TR,TW,2.0
TR,AG,4.0
TR,BG,12.0
TR,TN,32.0
TR,JO,4.0
TR,MY,4.0
TR,AE,10.0
TR,SY,4.0
TR,SA,2.0
TR,PL,4.0
TR,RO,2.0
TR,UA,2.0
TR,LU,12.0
TR,BR,2.0
TR,CL,2.0
OM,GB,18.0
OM,GR,4.0
OM,TR,2.0
OM,ES,2.0
OM,CN,8.0
OM,QA,30.0
OM,MY,28.0
OM,PK,4.0
OM,AE,10.0
OM,SA,12.0
OM,IN,8.0
OM,US,14.0
OM,DE,24.0
OM,CZ,8.0
OM,AF,2.0
GH,CN,60.0
GH,US,54.0
GH,TR,12.0
GH,ML,18.0
GH,ZM,2.0
GH,ZA,12.0
GH,CH,10.0
GH,FR,2.0
GH,CA,26.0
GH,NG,8.0
GH,DE,2.0
GH,LK,2.0
GH,MX,2.0
GH,SE,2.0
GH,ES,2.0
GH,SA,4.0
GH,KR,2.0
GH,NL,6.0
GH,MA,8.0
GH,BR,8.0
GH,ET,8.0
GH,KE,8.0
GH,CD,8.0
GH,MW,8.0
MN,BR,6.0
SY,FR,4.0
SY,TN,42.0
SY,JO,6.0
SY,BR,4.0
SY,US,8.0
SY,IT,6.0
SY,QA,14.0
SY,CA,4.0
SY,IR,4.0
SY,MY,4.0
SY,IN,2.0
SY,IQ,2.0
SY,AE,2.0
SY,PT,2.0
SY,TR,4.0
SY,SA,2.0
SY,CN,14.0
SY,GB,2.0
SY,MX,2.0
SY,JP,2.0
SY,CL,2.0
SY,NO,2.0
SY,PL,2.0
SY,AU,2.0
MM,JP,2.0
CY,ES,10.0
CY,GB,18.0
CY,CZ,72.0
CY,GR,24.0
CY,FR,8.0
CY,AU,14.0
CY,CN,10.0
CY,HK,2.0
CY,HR,2.0
CY,RO,2.0
CY,US,6.0
CY,CA,2.0
CY,NZ,6.0
CY,SE,2.0
CY,NO,2.0
CY,NL,4.0
CY,IN,10.0
CY,BR,4.0
CY,AE,8.0
CY,LV,4.0
CY,EG,2.0
CY,CH,4.0
CY,NG,24.0
CY,MY,4.0
SX,US,2.0
SX,SA,4.0
SX,KY,2.0
GM,CN,8.0
MA,US,16.0
MA,GR,16.0
MA,FR,22.0
MA,CA,42.0
MA,ES,8.0
MA,IT,16.0
MA,LU,12.0
MA,ZA,8.0
MA,GH,8.0
MA,BR,8.0
MA,ET,8.0
MA,KE,8.0
MA,CD,8.0
MA,ML,16.0
MA,MW,8.0
VE,ES,6.0
VE,US,2.0
VE,CO,2.0
ZA,US,162.0
ZA,TR,24.0
ZA,ML,20.0
ZA,ZM,4.0
ZA,CH,22.0
ZA,GH,12.0
ZA,FR,12.0
ZA,CA,18.0
ZA,CN,28.0
ZA,NG,34.0
ZA,DE,30.0
ZA,LK,4.0
ZA,CM,6.0
ZA,JP,42.0
ZA,GB,46.0
ZA,FI,2.0
ZA,PT,2.0
ZA,UG,26.0
ZA,NE,2.0
ZA,SE,2.0
ZA,NA,2.0
ZA,TN,6.0
ZA,BE,4.0
ZA,AU,6.0
ZA,BR,10.0
ZA,NL,6.0
ZA,NZ,2.0
ZA,PH,10.0
ZA,PK,10.0
ZA,NO,4.0
ZA,HR,8.0
ZA,AT,2.0
ZA,CL,4.0
ZA,CZ,2.0
ZA,QA,2.0
ZA,ID,2.0
ZA,MX,2.0
ZA,MY,8.0
ZA,ET,12.0
ZA,IT,4.0
ZA,BD,2.0
ZA,RU,2.0
ZA,KH,2.0
ZA,AE,2.0
ZA,IN,14.0
ZA,MA,8.0
ZA,KE,8.0
ZA,CD,8.0
ZA,MW,8.0
BW,TH,12.0
BW,SE,2.0
BW,IN,14.0
BW,US,30.0
BW,CN,6.0
BW,DE,12.0
CL,BE,24.0
CL,US,74.0
CL,ES,34.0
CL,BR,12.0
CL,DK,22.0
CL,EC,52.0
CL,GB,102.0
CL,CN,32.0
CL,AU,8.0
CL,PE,8.0
CL,SE,8.0
CL,NG,16.0
CL,PK,4.0
CL,PH,4.0
CL,NO,10.0
CL,HR,16.0
CL,AT,4.0
CL,CZ,4.0
CL,QA,14.0
CL,ID,4.0
CL,MX,6.0
CL,MY,18.0
CL,ET,4.0
CL,IT,10.0
CL,BD,4.0
CL,RU,4.0
CL,ZA,4.0
CL,KH,4.0
CL,CH,4.0
CL,DE,8.0
CL,AR,4.0
CL,NL,10.0
CL,TN,14.0
CL,JO,2.0
CL,FR,2.0
CL,IR,2.0
CL,TR,2.0
CL,SY,2.0
CL,JP,2.0
CL,PL,2.0
MW,ZA,8.0
MW,GH,8.0
MW,MA,8.0
MW,BR,8.0
MW,ET,8.0
MW,KE,8.0
MW,US,8.0
MW,CD,8.0
MW,ML,16.0
FI,US,602.0
FI,SI,4.0
FI,JP,8.0
FI,AT,34.0
FI,IR,8.0
FI,CA,26.0
FI,CH,38.0
FI,GB,74.0
FI,FR,28.0
FI,UZ,2.0
FI,DE,60.0
FI,PT,4.0
FI,UG,14.0
FI,ZA,2.0
FI,NG,6.0
FI,CN,116.0
FI,NE,2.0
FI,SE,4.0
FI,NA,2.0
FI,SA,4.0
FI,IT,16.0
FI,ES,46.0
FI,DK,20.0
FI,NZ,154.0
FI,DZ,6.0
FI,IE,54.0
FI,IN,14.0
FI,PL,2.0
FI,QA,12.0
FI,EE,4.0
FI,AU,40.0
FI,BE,6.0
FI,UA,8.0
FI,KR,28.0
FI,IL,2.0
FI,NL,8.0
FI,CO,4.0
FI,EG,2.0
FI,GR,12.0
FI,CZ,8.0
FI,HK,2.0
KE,US,22.0
KE,CA,2.0
KE,RW,4.0
KE,KR,8.0
KE,TR,2.0
KE,GB,8.0
KE,NG,8.0
KE,CO,4.0
KE,ZA,8.0
KE,GH,8.0
KE,MA,8.0
KE,BR,8.0
KE,ET,8.0
KE,CD,8.0
KE,ML,16.0
KE,MW,8.0
ZM,US,42.0
ZM,TR,12.0
ZM,ML,2.0
ZM,ZA,4.0
ZM,CH,10.0
ZM,GH,2.0
ZM,FR,2.0
ZM,CA,2.0
ZM,CN,2.0
ZM,NG,8.0
ZM,DE,2.0
ZM,LK,2.0
NG,US,304.0
NG,TR,48.0
NG,ML,8.0
NG,ZM,8.0
NG,ZA,34.0
NG,CH,48.0
NG,GH,8.0
NG,FR,8.0
NG,CA,16.0
NG,CN,68.0
NG,DE,42.0
NG,LK,12.0
NG,SA,54.0
NG,JP,6.0
NG,GB,152.0
NG,FI,6.0
NG,PT,6.0
NG,UG,42.0
NG,NE,6.0
NG,SE,8.0
NG,NA,6.0
NG,DZ,2.0
NG,IN,20.0
NG,NO,20.0
NG,ID,14.0
NG,KH,46.0
NG,PA,2.0
NG,PK,16.0
NG,MY,74.0
NG,IQ,12.0
NG,YE,8.0
NG,IE,8.0
NG,RO,14.0
NG,AE,18.0
NG,JO,4.0
NG,PH,8.0
NG,HR,32.0
NG,AT,8.0
NG,CL,16.0
NG,CZ,8.0
NG,QA,10.0
NG,MX,8.0
NG,ET,8.0
NG,IT,8.0
NG,BD,8.0
NG,AU,8.0
NG,RU,8.0
NG,KR,4.0
NG,TW,4.0
NG,CY,24.0
NG,BR,12.0
NG,KE,8.0
NG,CO,8.0
TW,US,470.0
TW,GB,78.0
TW,CN,226.0
TW,SG,80.0
TW,KY,4.0
TW,DE,24.0
TW,VN,20.0
TW,JP,66.0
TW,FR,22.0
TW,CA,18.0
TW,IT,12.0
TW,MX,8.0
TW,TH,2.0
TW,AU,36.0
TW,MK,2.0
TW,SK,8.0
TW,IN,48.0
TW,BE,2.0
TW,HK,8.0
TW,SE,8.0
TW,MY,8.0
TW,PK,6.0
TW,LB,4.0
TW,AE,2.0
TW,PL,4.0
TW,NL,4.0
TW,SA,14.0
TW,IE,2.0
TW,CZ,2.0
TW,TR,2.0
TW,ID,32.0
TW,KR,8.0
TW,NG,4.0
TW,QA,4.0
TW,UG,4.0
TW,BR,6.0
IR,SE,8.0
IR,CZ,6.0
IR,US,352.0
IR,FI,8.0
IR,AT,4.0
IR,FR,48.0
IR,IT,84.0
IR,GB,112.0
IR,AU,74.0
IR,CA,50.0
IR,RU,20.0
IR,DE,40.0
IR,SA,4.0
IR,IN,64.0
IR,MX,18.0
IR,CN,34.0
IR,ES,18.0
IR,RO,4.0
IR,CH,28.0
IR,NL,10.0
IR,SG,16.0
IR,PL,6.0
IR,AE,10.0
IR,QA,22.0
IR,TR,14.0
IR,JP,12.0
IR,EG,10.0
IR,GR,10.0
IR,SI,10.0
IR,NO,6.0
IR,TN,32.0
IR,JO,4.0
IR,MY,4.0
IR,IQ,2.0
IR,PT,2.0
IR,SY,4.0
IR,BR,2.0
IR,CL,2.0
DK,AU,88.0
DK,US,272.0
DK,NL,82.0
DK,FR,26.0
DK,IT,70.0
DK,CZ,8.0
DK,JP,12.0
DK,GA,4.0
DK,GB,158.0
DK,ES,66.0
DK,DE,78.0
DK,CA,50.0
DK,SE,30.0
DK,CN,60.0
DK,CL,22.0
DK,CH,48.0
DK,BG,4.0
DK,IN,36.0
DK,DZ,2.0
DK,SA,4.0
DK,VN,4.0
DK,FI,20.0
DK,IL,2.0
DK,AT,36.0
DK,NZ,6.0
DK,IE,4.0
DK,JO,2.0
DK,CO,2.0
DK,GR,12.0
DK,SI,2.0
DK,PT,8.0
DK,BR,2.0
DK,HK,18.0
DK,SG,12.0
DK,BD,4.0
DK,GL,4.0
DK,BE,8.0
DK,KR,60.0
HK,CN,1760.0
HK,RU,4.0
HK,SG,64.0
HK,NL,12.0
HK,JP,50.0
HK,GB,138.0
HK,AU,164.0
HK,US,386.0
HK,IT,42.0
HK,KR,28.0
HK,CA,46.0
HK,AE,2.0
HK,ES,4.0
HK,VN,6.0
HK,CY,2.0
HK,HR,2.0
HK,RO,2.0
HK,NZ,20.0
HK,SE,26.0
HK,DE,34.0
HK,TW,8.0
HK,JM,4.0
HK,IL,4.0
HK,DZ,8.0
HK,IE,10.0
HK,CZ,4.0
HK,TH,2.0
HK,FR,12.0
HK,BD,2.0
HK,PK,6.0
HK,KY,12.0
HK,DK,18.0
HK,NO,4.0
HK,HU,2.0
HK,MX,6.0
HK,IN,2.0
HK,FI,2.0
PT,FR,36.0
PT,BR,66.0
PT,AU,2.0
PT,IN,8.0
PT,AT,10.0
PT,GB,46.0
PT,DE,32.0
PT,US,82.0
PT,JP,10.0
PT,FI,4.0
PT,UG,14.0
PT,ZA,2.0
PT,NG,6.0
PT,CN,6.0
PT,NE,2.0
PT,SE,2.0
PT,NA,2.0
PT,CA,8.0
PT,CH,10.0
PT,EG,2.0
PT,BG,2.0
PT,TR,10.0
PT,DK,8.0
PT,PS,2.0
PT,AE,10.0
PT,ES,8.0
PT,PL,2.0
PT,IT,34.0
PT,MT,40.0
PT,IE,4.0
PT,BE,8.0
PT,GR,12.0
PT,CZ,32.0
PT,TN,18.0
PT,QA,2.0
PT,IR,2.0
PT,JO,2.0
PT,MY,2.0
PT,IQ,2.0
PT,SY,2.0
PT,SA,2.0
PT,IL,4.0
PT,KR,4.0
PT,NL,2.0
PT,RO,2.0
NO,IT,72.0
NO,AU,40.0
NO,GB,124.0
NO,AT,26.0
NO,US,294.0
NO,RS,8.0
NO,BE,12.0
NO,DE,88.0
NO,IN,78.0
NO,CA,22.0
NO,CN,198.0
NO,PK,128.0
NO,SE,64.0
NO,ET,12.0
NO,NL,36.0
NO,ES,34.0
NO,CH,14.0
NO,TR,8.0
NO,RO,4.0
NO,NG,20.0
NO,KR,4.0
NO,AE,28.0
NO,MK,2.0
NO,NZ,6.0
NO,MX,10.0
NO,SA,4.0
NO,JO,4.0
NO,QA,20.0
NO,CY,2.0
NO,KZ,6.0
NO,RU,6.0
NO,GR,4.0
NO,CO,12.0
NO,CZ,16.0
NO,IR,6.0
NO,HK,4.0
NO,PH,4.0
NO,HR,16.0
NO,CL,10.0
NO,ID,4.0
NO,MY,18.0
NO,BD,4.0
NO,ZA,4.0
NO,KH,4.0
NO,LI,2.0
NO,FR,6.0
NO,NP,2.0
NO,EC,2.0
NO,TN,14.0
NO,BR,2.0
NO,SY,2.0
NO,JP,10.0
NO,PL,4.0
MK,US,202.0
MK,AU,26.0
MK,SK,6.0
MK,SI,22.0
MK,IT,2.0
MK,CN,2.0
MK,TW,2.0
MK,NL,4.0
MK,NO,2.0
MK,BE,4.0
MK,DE,4.0
MK,CA,4.0
MK,NZ,2.0
MK,MX,4.0
MK,SE,4.0
ES,DE,284.0
ES,NL,38.0
ES,BE,62.0
ES,SE,58.0
ES,FR,116.0
ES,CH,56.0
ES,US,550.0
ES,MX,102.0
ES,CN,110.0
ES,CY,10.0
ES,KR,76.0
ES,UZ,2.0
ES,TN,8.0
ES,GR,14.0
ES,GB,324.0
ES,DK,66.0
ES,CL,34.0
ES,IT,334.0
ES,AT,54.0
ES,OM,2.0
ES,TR,26.0
ES,EG,14.0
ES,CA,114.0
ES,MA,8.0
ES,IN,30.0
ES,VN,28.0
ES,NO,34.0
ES,VE,6.0
ES,CO,62.0
ES,RU,24.0
ES,SA,38.0
ES,PS,2.0
ES,IE,20.0
ES,PE,14.0
ES,BR,20.0
ES,AU,30.0
ES,SI,10.0
ES,FI,46.0
ES,PK,16.0
ES,HK,4.0
ES,ID,8.0
ES,IR,18.0
ES,EE,4.0
ES,HR,4.0
ES,MO,4.0
ES,BD,8.0
ES,JP,4.0
ES,GH,2.0
ES,PT,8.0
ES,QA,2.0
ES,SG,6.0
ES,LU,4.0
ES,CM,14.0
ES,MY,18.0
ES,RO,2.0
ES,BO,32.0
ES,EC,2.0
ES,SK,2.0
ES,AE,4.0
ES,CZ,4.0
ES,PL,2.0
ES,AR,2.0
EC,CL,52.0
EC,BE,2.0
EC,GB,16.0
EC,RU,4.0
EC,DE,62.0
EC,AU,2.0
EC,IT,4.0
EC,AR,20.0
EC,US,212.0
EC,PE,34.0
EC,PL,24.0
EC,FR,8.0
EC,NO,2.0
EC,ES,2.0
AF,PK,8.0
AF,OM,2.0
AF,MY,14.0
AF,AE,2.0
AF,SA,2.0
BN,ID,10.0
BN,UG,6.0
BN,MY,4.0
BN,FR,16.0
BN,QA,8.0
ID,JP,48.0
ID,NL,12.0
ID,MY,46.0
ID,AU,104.0
ID,CN,38.0
ID,SA,48.0
ID,DE,6.0
ID,FR,10.0
ID,US,106.0
ID,YE,4.0
ID,NG,14.0
ID,ES,8.0
ID,TH,18.0
ID,UG,18.0
ID,BN,10.0
ID,IQ,10.0
ID,PK,4.0
ID,TR,10.0
ID,KH,4.0
ID,SG,70.0
ID,IN,28.0
ID,CO,10.0
ID,AE,4.0
ID,EG,14.0
ID,RS,4.0
ID,TW,32.0
ID,GB,26.0
ID,PH,2.0
ID,NO,4.0
ID,HR,8.0
ID,AT,2.0
ID,CL,4.0
ID,CZ,2.0
ID,QA,2.0
ID,MX,2.0
ID,ET,2.0
ID,IT,2.0
ID,BD,2.0
ID,RU,2.0
ID,ZA,2.0
ID,CH,2.0
ID,LB,6.0
ID,TL,16.0
ID,UZ,2.0
ID,HU,6.0
ID,JO,18.0
ID,BE,6.0
HU,NL,2.0
HU,CZ,120.0
HU,CH,14.0
HU,DE,2.0
HU,SK,4.0
HU,IL,4.0
HU,US,8.0
HU,IN,8.0
HU,TN,2.0
HU,GB,2.0
HU,AT,2.0
HU,AU,2.0
HU,CN,6.0
HU,HK,2.0
HU,BD,6.0
HU,SA,4.0
HU,ID,6.0
GE,SA,8.0
GE,SE,4.0
GE,US,40.0
GE,CN,6.0
GE,IN,2.0
IL,US,1458.0
IL,GB,148.0
IL,IT,44.0
IL,FR,76.0
IL,AU,56.0
IL,DE,28.0
IL,CA,76.0
IL,CN,50.0
IL,CH,18.0
IL,KR,4.0
IL,BE,2.0
IL,BI,14.0
IL,IE,6.0
IL,CZ,2.0
IL,IN,6.0
IL,TR,8.0
IL,AT,8.0
IL,DK,2.0
IL,HU,4.0
IL,SK,2.0
IL,RU,2.0
IL,AR,4.0
IL,JM,2.0
IL,HK,4.0
IL,PL,40.0
IL,SE,4.0
IL,PT,4.0
IL,FI,2.0
IL,NL,2.0
IL,AE,8.0
IL,BR,10.0
IL,EG,2.0
EE,GB,28.0
EE,KR,24.0
EE,ES,4.0
EE,FI,4.0
EE,IN,6.0
EE,DE,64.0
EE,AU,8.0
CD,AT,4.0
CD,ZA,8.0
CD,GH,8.0
CD,MA,8.0
CD,BR,8.0
CD,ET,8.0
CD,KE,8.0
CD,US,8.0
CD,ML,16.0
CD,MW,8.0
BD,QA,10.0
BD,CN,80.0
BD,JP,90.0
BD,US,296.0
BD,CA,106.0
BD,AU,126.0
BD,GB,104.0
BD,SA,74.0
BD,IT,22.0
BD,IN,64.0
BD,IQ,8.0
BD,MY,32.0
BD,PH,18.0
BD,ES,8.0
BD,FR,4.0
BD,HK,2.0
BD,KR,4.0
BD,NG,8.0
BD,PK,2.0
BD,NO,4.0
BD,HR,8.0
BD,AT,2.0
BD,CL,4.0
BD,CZ,2.0
BD,ID,2.0
BD,MX,2.0
BD,ET,2.0
BD,RU,2.0
BD,ZA,2.0
BD,KH,2.0
BD,CH,2.0
BD,HU,6.0
BD,BB,18.0
BD,DK,4.0
PK,GB,142.0
PK,SA,372.0
PK,AE,132.0
PK,CN,158.0
PK,KR,190.0
PK,EG,82.0
PK,CA,40.0
PK,VN,2.0
PK,NO,128.0
PK,SE,38.0
PK,QA,28.0
PK,BE,4.0
PK,US,124.0
PK,RU,36.0
PK,TR,88.0
PK,MY,124.0
PK,AF,8.0
PK,DE,10.0
PK,ES,16.0
PK,IQ,14.0
PK,IN,2.0
PK,GR,4.0
PK,OM,4.0
PK,BH,4.0
PK,FR,6.0
PK,IE,12.0
PK,JO,6.0
PK,AU,56.0
PK,NG,16.0
PK,YE,2.0
PK,LB,12.0
PK,TW,6.0
PK,PL,6.0
PK,ID,4.0
PK,AM,10.0
PK,HK,6.0
PK,PH,2.0
PK,HR,8.0
PK,AT,2.0
PK,CL,4.0
PK,CZ,2.0
PK,MX,2.0
PK,ET,2.0
PK,IT,2.0
PK,BD,2.0
PK,ZA,10.0
PK,KH,2.0
PK,CH,2.0
PK,XK,2.0
PK,SG,16.0
PK,RO,6.0
QA,LB,32.0
QA,US,134.0
QA,BD,10.0
QA,DZ,10.0
QA,CN,96.0
QA,RU,10.0
QA,PK,28.0
QA,TR,58.0
QA,SG,30.0
QA,IT,40.0
QA,CA,32.0
QA,FR,30.0
QA,OM,30.0
QA,MY,28.0
QA,PL,14.0
QA,TN,134.0
QA,KW,14.0
QA,AE,18.0
QA,KG,4.0
QA,EG,12.0
QA,FI,12.0
QA,SA,20.0
QA,JO,20.0
QA,NO,20.0
QA,GB,44.0
QA,GR,8.0
QA,IR,22.0
QA,JP,12.0
QA,DE,2.0
QA,AU,14.0
QA,IN,14.0
QA,ES,2.0
QA,MX,14.0
QA,SI,2.0
QA,KR,8.0
QA,CZ,6.0
QA,NZ,2.0
QA,BR,12.0
QA,SY,14.0
QA,IQ,2.0
QA,PT,2.0
QA,NG,10.0
QA,PH,2.0
QA,HR,8.0
QA,AT,2.0
QA,CL,14.0
QA,ID,2.0
QA,ET,2.0
QA,ZA,2.0
QA,KH,2.0
QA,CH,2.0
QA,BH,2.0
QA,TW,4.0
QA,SE,2.0
QA,BN,8.0
NL,FR,72.0
NL,DE,432.0
NL,BE,44.0
NL,ES,38.0
NL,IN,76.0
NL,GB,378.0
NL,US,1126.0
NL,JP,80.0
NL,CA,104.0
NL,AU,188.0
NL,SG,20.0
NL,CN,232.0
NL,DK,82.0
NL,CH,178.0
NL,RU,48.0
NL,HK,12.0
NL,IT,234.0
NL,ID,12.0
NL,SA,12.0
NL,IE,24.0
NL,NO,36.0
NL,TR,12.0
NL,PL,4.0
NL,CZ,50.0
NL,BR,66.0
NL,AT,54.0
NL,LT,2.0
NL,MT,10.0
NL,SE,58.0
NL,HU,2.0
NL,ZA,6.0
NL,MK,4.0
NL,NZ,26.0
NL,MX,8.0
NL,JO,4.0
NL,CO,16.0
NL,IR,10.0
NL,SI,4.0
NL,KR,4.0
NL,CY,4.0
NL,GR,4.0
NL,TW,4.0
NL,HR,16.0
NL,GH,6.0
NL,LU,2.0
NL,IL,2.0
NL,FI,8.0
NL,PT,2.0
NL,CL,10.0
HR,SI,10.0
HR,GB,124.0
HR,DE,16.0
HR,AT,12.0
HR,IT,16.0
HR,BE,4.0
HR,ES,4.0
HR,TR,2.0
HR,CN,54.0
HR,HK,2.0
HR,CY,2.0
HR,RO,2.0
HR,AU,10.0
HR,US,52.0
HR,CA,2.0
HR,NZ,6.0
HR,SE,2.0
HR,BA,6.0
HR,CZ,32.0
HR,NL,16.0
HR,IE,4.0
HR,XK,2.0
HR,IN,2.0
HR,CH,10.0
HR,NG,32.0
HR,PK,8.0
HR,PH,8.0
HR,NO,16.0
HR,CL,16.0
HR,QA,8.0
HR,ID,8.0
HR,MX,8.0
HR,MY,32.0
HR,ET,8.0
HR,BD,8.0
HR,RU,8.0
HR,ZA,8.0
HR,KH,8.0
LK,US,70.0
LK,TR,12.0
LK,ML,2.0
LK,ZM,2.0
LK,ZA,4.0
LK,CH,10.0
LK,GH,2.0
LK,FR,2.0
LK,CA,2.0
LK,CN,2.0
LK,NG,12.0
LK,DE,2.0
LK,GB,14.0
LK,AU,14.0
LK,AE,6.0
LK,MY,6.0
LK,SA,4.0
LK,SG,2.0
BG,US,16.0
BG,DK,4.0
BG,EG,2.0
BG,PT,2.0
BG,TR,12.0
BG,BR,6.0
BG,RO,2.0
BG,RU,2.0
BG,CH,2.0
BG,DE,24.0
BY,GB,4.0
BY,US,2.0
BY,CH,2.0
BA,SE,8.0
BA,HR,6.0
BA,DE,18.0
VN,IN,16.0
VN,EG,4.0
VN,CN,94.0
VN,KR,72.0
VN,FR,16.0
VN,IT,78.0
VN,AU,132.0
VN,PK,2.0
VN,JP,90.0
VN,TW,20.0
VN,US,666.0
VN,CA,12.0
VN,DE,46.0
VN,ES,28.0
VN,SE,4.0
VN,DK,4.0
VN,GB,20.0
VN,SA,20.0
VN,GR,4.0
VN,HK,6.0
VN,SG,82.0
VN,KH,2.0
VN,AT,2.0
VN,IE,48.0
VN,PL,2.0
VN,CZ,10.0
ME,GR,10.0
NP,US,16.0
NP,IN,26.0
NP,GB,12.0
NP,CN,2.0
NP,NO,2.0
NP,AU,2.0
CH,FR,380.0
CH,ES,56.0
CH,US,2000.0
CH,BE,32.0
CH,CN,562.0
CH,GB,576.0
CH,NL,178.0
CH,DE,874.0
CH,BR,56.0
CH,IL,18.0
CH,IT,200.0
CH,IN,54.0
CH,FI,38.0
CH,BY,2.0
CH,DK,48.0
CH,TR,72.0
CH,ML,10.0
CH,ZM,10.0
CH,ZA,22.0
CH,GH,10.0
CH,CA,308.0
CH,NG,48.0
CH,LK,10.0
CH,JP,38.0
CH,AE,14.0
CH,AT,138.0
CH,NO,14.0
CH,GR,122.0
CH,SE,218.0
CH,LU,80.0
CH,AU,190.0
CH,DZ,2.0
CH,CZ,40.0
CH,PT,10.0
CH,HU,14.0
CH,SA,24.0
CH,KR,134.0
CH,IR,28.0
CH,SI,8.0
CH,IS,6.0
CH,SG,30.0
CH,AG,4.0
CH,IE,8.0
CH,MO,2.0
CH,XK,2.0
CH,HR,10.0
CH,PK,2.0
CH,PH,2.0
CH,CL,4.0
CH,QA,2.0
CH,ID,2.0
CH,MX,6.0
CH,MY,8.0
CH,ET,2.0
CH,BD,2.0
CH,RU,2.0
CH,KH,2.0
CH,PL,12.0
CH,LV,8.0
CH,CY,4.0
CH,EG,4.0
CH,LI,4.0
CH,BG,2.0
CH,LB,12.0
CH,RO,4.0
FR,NL,72.0
FR,CH,380.0
FR,ES,116.0
FR,US,1190.0
FR,CA,274.0
FR,IL,76.0
FR,VN,16.0
FR,GB,340.0
FR,AU,44.0
FR,KR,18.0
FR,CN,284.0
FR,JP,72.0
FR,AR,16.0
FR,PT,36.0
FR,MY,12.0
FR,DK,26.0
FR,TN,30.0
FR,BR,34.0
FR,IR,48.0
FR,IN,58.0
FR,RU,40.0
FR,IT,206.0
FR,DZ,46.0
FR,MA,22.0
FR,TR,26.0
FR,ML,2.0
FR,ZM,2.0
FR,ZA,12.0
FR,GH,2.0
FR,NG,8.0
FR,DE,236.0
FR,LK,2.0
FR,TW,22.0
FR,SE,50.0
FR,FI,28.0
FR,UZ,2.0
FR,LU,4.0
FR,GR,46.0
FR,BE,218.0
FR,CY,8.0
FR,LT,2.0
FR,ET,6.0
FR,RO,16.0
FR,BI,16.0
FR,AT,44.0
FR,BS,10.0
FR,SS,4.0
FR,QA,30.0
FR,SA,16.0
FR,SI,10.0
FR,SY,4.0
FR,ID,10.0
FR,PK,6.0
FR,AE,32.0
FR,BH,2.0
FR,SG,22.0
FR,IE,12.0
FR,SK,4.0
FR,MT,2.0
FR,BD,4.0
FR,EG,2.0
FR,MX,4.0
FR,NZ,8.0
FR,PL,32.0
FR,HK,12.0
FR,TH,2.0
FR,LI,2.0
FR,NO,6.0
FR,CO,80.0
FR,EC,8.0
FR,JO,2.0
FR,CL,2.0
FR,BN,16.0
KW,JO,44.0
KW,GB,8.0
KW,US,8.0
KW,MY,6.0
KW,QA,14.0
KW,AE,6.0
KW,CA,2.0
KW,LB,20.0
KW,AU,6.0
KW,RO,6.0
KW,SA,40.0
KW,IQ,12.0
KW,EG,8.0
KW,TN,4.0
US,CN,10286.0
US,IQ,28.0
US,AU,2450.0
US,DK,272.0
US,DE,4726.0
US,CA,3862.0
US,KE,22.0
US,JP,1036.0
US,IL,1458.0
US,GB,7648.0
US,YE,2.0
US,IT,1442.0
US,NO,294.0
US,AT,562.0
US,RS,10.0
US,BE,654.0
US,TR,438.0
US,ES,550.0
US,FI,602.0
US,SG,1576.0
US,TW,470.0
US,IN,1744.0
US,FR,1190.0
US,SE,302.0
US,CH,2000.0
US,NL,1126.0
US,KR,1354.0
US,KY,28.0
US,PL,828.0
US,QA,134.0
US,NZ,618.0
US,IR,352.0
US,CZ,44.0
US,MA,16.0
US,BR,452.0
US,RU,184.0
US,CL,74.0
US,BG,16.0
US,MX,632.0
US,JO,82.0
US,PR,50.0
US,GR,156.0
US,AR,104.0
US,MK,202.0
US,SI,54.0
US,DZ,10.0
US,IE,396.0
US,NP,16.0
US,EG,96.0
US,KW,8.0
US,BY,2.0
US,HK,386.0
US,MY,122.0
US,ML,58.0
US,ZM,42.0
US,ZA,162.0
US,GH,54.0
US,NG,304.0
US,LK,70.0
US,BD,296.0
US,VN,666.0
US,AE,200.0
US,PK,124.0
US,SA,432.0
US,UZ,22.0
US,PT,82.0
US,UG,146.0
US,NE,14.0
US,NA,14.0
US,PE,14.0
US,VE,2.0
US,CO,102.0
US,LU,30.0
US,BH,10.0
US,MO,48.0
US,LT,6.0
US,SK,22.0
US,RO,98.0
US,BS,76.0
US,TN,82.0
US,IS,64.0
US,ET,22.0
US,ID,106.0
US,AZ,2.0
US,MT,2.0
US,PH,60.0
US,TH,106.0
US,UA,10.0
US,HU,8.0
US,CY,6.0
US,HR,52.0
US,OM,14.0
US,SD,4.0
US,SX,2.0
US,JM,26.0
US,LB,52.0
US,KH,32.0
US,PS,32.0
US,RW,4.0
US,CM,2.0
US,MD,24.0
US,SY,8.0
US,BI,2.0
US,GE,40.0
US,LV,4.0
US,EC,212.0
US,BW,30.0
US,CD,8.0
US,MW,8.0
AU,GB,652.0
AU,SE,58.0
AU,US,2450.0
AU,DK,88.0
AU,CN,2298.0
AU,IT,192.0
AU,NO,40.0
AU,AT,76.0
AU,RS,6.0
AU,BE,28.0
AU,DE,128.0
AU,SG,218.0
AU,NL,188.0
AU,IL,56.0
AU,FR,44.0
AU,KR,76.0
AU,CA,200.0
AU,NZ,92.0
AU,HK,164.0
AU,SA,12.0
AU,VN,132.0
AU,MK,26.0
AU,PT,2.0
AU,BD,126.0
AU,JP,162.0
AU,MY,40.0
AU,IR,74.0
AU,MO,38.0
AU,CO,14.0
AU,IN,94.0
AU,ID,104.0
AU,BR,92.0
AU,GR,6.0
AU,CH,190.0
AU,LU,100.0
AU,ES,30.0
AU,CL,8.0
AU,TW,36.0
AU,DZ,2.0
AU,ZA,6.0
AU,LK,14.0
AU,TR,12.0
AU,MX,10.0
AU,KY,18.0
AU,CY,14.0
AU,AE,36.0
AU,HR,10.0
AU,RO,8.0
AU,SI,6.0
AU,BI,4.0
AU,PK,56.0
AU,CZ,6.0
AU,KW,6.0
AU,QA,14.0
AU,EG,4.0
AU,AZ,22.0
AU,RU,4.0
AU,TH,2.0
AU,JO,34.0
AU,HU,2.0
AU,TN,16.0
AU,PL,14.0
AU,NG,8.0
AU,PH,2.0
AU,ET,2.0
AU,KH,2.0
AU,FI,40.0
AU,EC,2.0
AU,LV,4.0
AU,NP,2.0
AU,IE,56.0
AU,EE,8.0
AU,SY,2.0
IT,DE,350.0
IT,NO,72.0
IT,AU,192.0
IT,GB,756.0
IT,AT,70.0
IT,US,1442.0
IT,RS,16.0
IT,BE,180.0
IT,IL,44.0
IT,KR,32.0
IT,CA,116.0
IT,NZ,10.0
IT,IN,112.0
IT,DK,70.0
IT,CZ,24.0
IT,JP,78.0
IT,GA,2.0
IT,NL,234.0
IT,VN,78.0
IT,SA,26.0
IT,CN,210.0
IT,FR,206.0
IT,CH,200.0
IT,ES,334.0
IT,PL,30.0
IT,SG,32.0
IT,IR,84.0
IT,SE,90.0
IT,HK,42.0
IT,TW,12.0
IT,GR,162.0
IT,QA,40.0
IT,BD,22.0
IT,LT,4.0
IT,FI,16.0
IT,KZ,12.0
IT,SI,30.0
IT,MK,2.0
IT,MA,16.0
IT,HR,16.0
IT,TR,82.0
IT,RU,22.0
IT,CO,8.0
IT,LU,8.0
IT,AG,10.0
IT,EG,14.0
IT,MX,18.0
IT,IE,8.0
IT,BR,18.0
IT,PT,34.0
IT,TN,38.0
IT,JO,6.0
IT,SY,6.0
IT,MT,60.0
IT,RO,4.0
IT,NG,8.0
IT,PK,2.0
IT,PH,2.0
IT,CL,10.0
IT,ID,2.0
IT,MY,12.0
IT,ET,2.0
IT,ZA,4.0
IT,KH,2.0
IT,EC,4.0
IT,AR,4.0
BB,BD,18.0
CA,CN,1154.0
CA,DE,416.0
CA,US,3862.0
CA,KE,2.0
CA,JP,182.0
CA,KR,490.0
CA,SG,326.0
CA,FR,274.0
CA,NL,104.0
CA,IT,116.0
CA,GB,672.0
CA,DZ,2.0
CA,IL,76.0
CA,AU,200.0
CA,RU,8.0
CA,BR,104.0
CA,NO,22.0
CA,DK,50.0
CA,PK,40.0
CA,AT,62.0
CA,FI,26.0
CA,KY,4.0
CA,CM,2.0
CA,TR,88.0
CA,ML,2.0
CA,ZM,2.0
CA,ZA,18.0
CA,CH,308.0
CA,GH,26.0
CA,NG,16.0
CA,LK,2.0
CA,BD,106.0
CA,EG,26.0
CA,AE,52.0
CA,TW,18.0
CA,ES,114.0
CA,VN,12.0
CA,MA,42.0
CA,JO,30.0
CA,IN,242.0
CA,PT,8.0
CA,UG,16.0
CA,NE,2.0
CA,SE,118.0
CA,NA,2.0
CA,IR,50.0
CA,IE,62.0
CA,SA,46.0
CA,HK,46.0
CA,TN,34.0
CA,QA,32.0
CA,BI,8.0
CA,LU,48.0
CA,PL,4.0
CA,SI,10.0
CA,PH,30.0
CA,MK,4.0
CA,BE,34.0
CA,NZ,80.0
CA,MX,24.0
CA,KW,2.0
CA,CY,2.0
CA,HR,2.0
CA,RO,4.0
CA,PE,12.0
CA,JM,2.0
CA,MY,6.0
CA,IS,6.0
CA,AZ,4.0
CA,TH,2.0
CA,MO,2.0
CA,SY,4.0
CA,CO,4.0
CA,IQ,2.0
CA,GR,18.0
SK,MK,6.0
SK,US,22.0
SK,TW,8.0
SK,HU,4.0
SK,IL,2.0
SK,UA,14.0
SK,FR,4.0
SK,GB,2.0
SK,TN,6.0
SK,AE,2.0
SK,CZ,16.0
SK,ES,2.0
LA,IN,12.0
PS,ES,2.0
PS,MY,16.0
PS,AE,14.0
PS,SA,16.0
PS,US,32.0
PS,PT,2.0
CN,IN,134.0
CN,JP,612.0
CN,CA,1154.0
CN,US,10286.0
CN,SG,2188.0
CN,AU,2298.0
CN,VN,94.0
CN,GB,3406.0
CN,ES,110.0
CN,HK,1760.0
CN,SE,662.0
CN,CZ,38.0
CN,CH,562.0
CN,NL,232.0
CN,DE,766.0
CN,FR,284.0
CN,KY,114.0
CN,BR,60.0
CN,PK,158.0
CN,IL,50.0
CN,KR,250.0
CN,SA,286.0
CN,TW,226.0
CN,DK,60.0
CN,NZ,136.0
CN,PL,106.0
CN,IT,210.0
CN,AE,124.0
CN,NO,198.0
CN,IE,94.0
CN,MX,54.0
CN,BD,80.0
CN,TH,24.0
CN,MO,524.0
CN,GH,60.0
CN,TR,30.0
CN,ML,2.0
CN,ZM,2.0
CN,ZA,28.0
CN,NG,68.0
CN,LK,2.0
CN,RU,86.0
CN,QA,96.0
CN,EG,74.0
CN,ID,38.0
CN,SI,22.0
CN,FI,116.0
CN,PT,6.0
CN,UG,28.0
CN,NE,4.0
CN,NA,4.0
CN,BE,22.0
CN,OM,8.0
CN,AT,136.0
CN,KG,2.0
CN,LU,116.0
CN,BS,8.0
CN,IR,34.0
CN,CL,32.0
CN,MK,2.0
CN,GR,34.0
CN,MY,144.0
CN,CY,10.0
CN,HR,54.0
CN,RO,6.0
CN,JM,8.0
CN,DZ,14.0
CN,ET,18.0
CN,PH,14.0
CN,KH,30.0
CN,JO,8.0
CN,TN,32.0
CN,IQ,2.0
CN,SY,14.0
CN,GE,6.0
CN,HU,6.0
CN,NP,2.0
CN,BW,6.0
CN,SS,14.0
CN,GM,8.0
CN,CV,2.0
LB,QA,32.0
LB,SA,36.0
LB,AE,28.0
LB,JO,156.0
LB,US,52.0
LB,IQ,54.0
LB,IE,12.0
LB,PK,12.0
LB,TW,4.0
LB,PL,4.0
LB,KW,20.0
LB,MY,16.0
LB,EG,32.0
LB,TN,16.0
LB,ID,6.0
LB,IN,8.0
LB,TH,4.0
LB,CH,12.0
TH,JP,34.0
TH,CN,24.0
TH,IN,38.0
TH,TW,2.0
TH,DE,4.0
TH,US,106.0
TH,ID,18.0
TH,CZ,4.0
TH,PH,4.0
TH,SE,12.0
TH,BW,12.0
TH,SG,10.0
TH,KR,18.0
TH,AU,2.0
TH,HK,2.0
TH,GB,2.0
TH,CA,2.0
TH,FR,2.0
TH,JO,2.0
TH,MO,4.0
TH,LB,4.0
CZ,CN,38.0
CZ,IR,6.0
CZ,US,44.0
CZ,IT,24.0
CZ,DK,8.0
CZ,JP,2.0
CZ,GA,2.0
CZ,RU,62.0
CZ,NZ,6.0
CZ,IN,16.0
CZ,CY,72.0
CZ,PL,6.0
CZ,NL,50.0
CZ,IL,2.0
CZ,DZ,2.0
CZ,CH,40.0
CZ,MY,28.0
CZ,DE,92.0
CZ,HU,120.0
CZ,AU,6.0
CZ,TH,4.0
CZ,SI,2.0
CZ,GB,52.0
CZ,NO,16.0
CZ,HK,4.0
CZ,HR,32.0
CZ,QA,6.0
CZ,TW,2.0
CZ,TR,2.0
CZ,LV,4.0
CZ,SE,8.0
CZ,MX,6.0
CZ,PT,32.0
CZ,OM,8.0
CZ,NG,8.0
CZ,PK,2.0
CZ,PH,2.0
CZ,AT,30.0
CZ,CL,4.0
CZ,ID,2.0
CZ,ET,2.0
CZ,BD,2.0
CZ,ZA,2.0
CZ,KH,2.0
CZ,SK,16.0
CZ,IQ,4.0
CZ,KR,12.0
CZ,VN,10.0
CZ,FI,8.0
CZ,SG,22.0
CZ,ES,4.0
RS,IT,16.0
RS,NO,8.0
RS,AU,6.0
RS,GB,2.0
RS,AT,2.0
RS,US,10.0
RS,BE,2.0
RS,DE,10.0
RS,ID,4.0
RS,JP,4.0
RS,AE,4.0
UZ,ES,2.0
UZ,US,22.0
UZ,FR,2.0
UZ,FI,2.0
UZ,SI,4.0
UZ,KR,16.0
UZ,IN,6.0
UZ,ID,2.0
AT,IT,70.0
AT,NO,26.0
AT,AU,76.0
AT,GB,80.0
AT,US,562.0
AT,RS,2.0
AT,BE,26.0
AT,DE,498.0
AT,FI,34.0
AT,IR,4.0
AT,CA,62.0
AT,ES,54.0
AT,IN,30.0
AT,PT,10.0
AT,CH,138.0
AT,NL,54.0
AT,CN,136.0
AT,PL,46.0
AT,BS,16.0
AT,FR,44.0
AT,TR,8.0
AT,SE,22.0
AT,IL,8.0
AT,HR,12.0
AT,DK,36.0
AT,SI,2.0
AT,NZ,6.0
AT,IE,10.0
AT,JO,4.0
AT,GR,8.0
AT,KH,4.0
AT,VN,2.0
AT,SG,8.0
AT,CD,4.0
AT,HU,2.0
AT,TN,2.0
AT,NG,8.0
AT,PK,2.0
AT,PH,2.0
AT,CL,4.0
AT,CZ,30.0
AT,QA,2.0
AT,ID,2.0
AT,MX,2.0
AT,MY,8.0
AT,ET,2.0
AT,BD,2.0
AT,RU,2.0
AT,ZA,2.0
AT,JP,6.0
AT,AM,4.0
AT,RO,4.0
NZ,GB,36.0
NZ,US,618.0
NZ,IT,10.0
NZ,AU,92.0
NZ,SG,22.0
NZ,IN,44.0
NZ,CN,136.0
NZ,CZ,6.0
NZ,FI,154.0
NZ,IE,128.0
NZ,NL,26.0
NZ,MK,2.0
NZ,NO,6.0
NZ,BE,4.0
NZ,DE,14.0
NZ,CA,80.0
NZ,MX,4.0
NZ,ZA,2.0
NZ,HK,20.0
NZ,CY,6.0
NZ,HR,6.0
NZ,RO,6.0
NZ,SE,6.0
NZ,JO,16.0
NZ,DK,6.0
NZ,AT,6.0
NZ,KR,14.0
NZ,JP,10.0
NZ,FR,8.0
NZ,PL,8.0
NZ,MY,6.0
NZ,QA,2.0
NZ,CO,2.0
NZ,UG,2.0
NZ,AE,16.0
MY,FR,12.0
MY,US,122.0
MY,AU,40.0
MY,ID,46.0
MY,GB,156.0
MY,BD,32.0
MY,SA,116.0
MY,PK,124.0
MY,CZ,28.0
MY,CN,144.0
MY,YE,34.0
MY,OM,28.0
MY,QA,28.0
MY,AE,62.0
MY,PS,16.0
MY,JP,14.0
MY,KW,6.0
MY,IQ,100.0
MY,IN,32.0
MY,TW,8.0
MY,SE,2.0
MY,NG,74.0
MY,RO,2.0
MY,CA,6.0
MY,JO,78.0
MY,ES,18.0
MY,NZ,6.0
MY,KZ,16.0
MY,LB,16.0
MY,EG,16.0
MY,TN,36.0
MY,LK,6.0
MY,IR,4.0
MY,PT,2.0
MY,SY,4.0
MY,TR,4.0
MY,PH,8.0
MY,NO,18.0
MY,HR,32.0
MY,AT,8.0
MY,CL,18.0
MY,MX,14.0
MY,ET,8.0
MY,IT,12.0
MY,RU,14.0
MY,ZA,8.0
MY,KH,8.0
MY,CH,8.0
MY,XK,2.0
MY,AF,14.0
MY,DE,2.0
MY,BN,4.0
MY,DZ,2.0
MY,CM,2.0
MY,CY,4.0
MY,BR,2.0
MY,PL,2.0
MY,KR,4.0
KR,VN,72.0
KR,CA,490.0
KR,GB,136.0
KR,US,1354.0
KR,ES,76.0
KR,PL,96.0
KR,YE,18.0
KR,IT,32.0
KR,AU,76.0
KR,FR,18.0
KR,JP,114.0
KR,CN,250.0
KR,PK,190.0
KR,EG,24.0
KR,SA,84.0
KR,EE,24.0
KR,IL,4.0
KR,DE,100.0
KR,HK,28.0
KR,RU,4.0
KR,IN,182.0
KR,BR,8.0
KR,AE,12.0
KR,ET,2.0
KR,UZ,16.0
KR,NO,4.0
KR,IE,8.0
KR,NZ,14.0
KR,CH,134.0
KR,BS,2.0
KR,NL,4.0
KR,TR,2.0
KR,LU,8.0
KR,SG,124.0
KR,QA,8.0
KR,KE,8.0
KR,TH,18.0
KR,GH,2.0
KR,BD,4.0
KR,SE,6.0
KR,NG,4.0
KR,TW,8.0
KR,FI,28.0
KR,PT,4.0
KR,MO,4.0
KR,CZ,12.0
KR,DK,60.0
KR,MY,4.0
IQ,US,28.0
IQ,TR,6.0
IQ,IN,36.0
IQ,SA,30.0
IQ,BD,8.0
IQ,PK,14.0
IQ,MY,100.0
IQ,GB,14.0
IQ,MX,2.0
IQ,EG,34.0
IQ,NG,12.0
IQ,YE,12.0
IQ,LB,54.0
IQ,JO,114.0
IQ,ID,10.0
IQ,AE,18.0
IQ,KW,12.0
IQ,TN,30.0
IQ,QA,2.0
IQ,IR,2.0
IQ,PT,2.0
IQ,SY,2.0
IQ,CN,2.0
IQ,CA,2.0
IQ,CZ,4.0
